,time,pressure
0,0.1,0.0
1,0.2,0.0
2,0.30000000000000004,6002.0
3,0.4,6823.0
4,0.5,4841.0
5,0.6,7260.0
6,0.7,5512.0
7,0.7999999999999999,5696.0
8,0.8999999999999999,7252.0
9,0.9999999999999999,4773.0
10,1.0999999999999999,6720.0
11,1.2,6647.0
12,1.3,4905.0
13,1.4000000000000001,7241.0
14,1.5000000000000002,5554.0
15,1.6000000000000003,5851.0
16,1.7000000000000004,7169.0
17,1.8000000000000005,4827.0
18,1.9000000000000006,6928.0
19,2.0000000000000004,6357.0
20,2.1000000000000005,5262.0
21,2.2000000000000006,7236.0
22,2.3000000000000007,4939.0
23,2.400000000000001,6566.0
24,2.500000000000001,6590.0
25,2.600000000000001,5051.0
26,2.700000000000001,7262.0
27,2.800000000000001,5116.0
28,2.9000000000000012,6983.0
29,3.0000000000000013,6177.0
30,3.1000000000000014,5536.0
31,3.2000000000000015,7082.0
32,3.3000000000000016,4713.0
33,3.4000000000000017,6939.0
34,3.5000000000000018,6152.0
35,3.600000000000002,5303.0
36,3.700000000000002,7316.0
37,3.800000000000002,4915.0
38,3.900000000000002,6642.0
39,4.000000000000002,6410.0
40,4.100000000000001,5360.0
41,4.200000000000001,7282.0
42,4.300000000000001,4947.0
43,4.4,6643.0
44,4.5,6535.0
45,4.6,4942.0
46,4.699999999999999,7217.0
47,4.799999999999999,5380.0
48,4.899999999999999,5784.0
49,4.999999999999998,7131.0
50,5.099999999999998,4877.0
51,5.1999999999999975,6804.0
52,5.299999999999997,6408.0
53,5.399999999999997,5078.0
54,5.4999999999999964,7026.0
55,5.599999999999996,4744.0
56,5.699999999999996,6942.0
57,5.799999999999995,6208.0
58,5.899999999999995,5304.0
59,5.999999999999995,7217.0
60,6.099999999999994,4915.0
61,6.199999999999994,6599.0
62,6.299999999999994,6380.0
63,6.399999999999993,5181.0
64,6.499999999999993,7188.0
65,6.5999999999999925,4997.0
66,6.699999999999992,6542.0
67,6.799999999999992,6513.0
68,6.8999999999999915,5072.0
69,6.999999999999991,7156.0
70,7.099999999999991,5352.0
71,7.19999999999999,6046.0
72,7.29999999999999,6909.0
73,7.39999999999999,4774.0
74,7.499999999999989,6913.0
75,7.599999999999989,6331.0
76,7.699999999999989,5033.0
77,7.799999999999988,7164.0
78,7.899999999999988,4974.0
79,7.999999999999988,6823.0
80,8.099999999999987,6170.0
81,8.199999999999987,5207.0
82,8.299999999999986,7193.0
83,8.399999999999986,5043.0
84,8.499999999999986,6314.0
85,8.599999999999985,6746.0
86,8.699999999999985,4695.0
87,8.799999999999985,6954.0
88,8.899999999999984,5987.0
89,8.999999999999984,5368.0
90,9.099999999999984,7135.0
91,9.199999999999983,4949.0
92,9.299999999999983,6277.0
93,9.399999999999983,6895.0
94,9.499999999999982,4675.0
95,9.599999999999982,6772.0
96,9.699999999999982,6365.0
97,9.799999999999981,4870.0
98,9.89999999999998,7107.0
99,9.99999999999998,5536.0
100,10.09999999999998,5547.0
101,10.19999999999998,7194.0
102,10.29999999999998,5049.0
103,10.399999999999979,6083.0
104,10.499999999999979,6942.0
105,10.599999999999978,4692.0
106,10.699999999999978,6854.0
107,10.799999999999978,6269.0
108,10.899999999999977,5044.0
109,10.999999999999977,7110.0
110,11.099999999999977,6019.0
111,11.199999999999976,5043.0
112,11.299999999999976,7114.0
113,11.399999999999975,5945.0
114,11.499999999999975,5068.0
115,11.599999999999975,7126.0
116,11.699999999999974,6007.0
117,11.799999999999974,5164.0
118,11.899999999999974,7143.0
119,11.999999999999973,5642.0
120,12.099999999999973,5215.0
121,12.199999999999973,7154.0
122,12.299999999999972,5860.0
123,12.399999999999972,5102.0
124,12.499999999999972,7174.0
125,12.599999999999971,5831.0
126,12.69999999999997,5263.0
127,12.79999999999997,7225.0
128,12.89999999999997,5788.0
129,12.99999999999997,5364.0
130,13.09999999999997,7251.0
131,13.199999999999969,5367.0
132,13.299999999999969,5739.0
133,13.399999999999968,7249.0
134,13.499999999999968,5530.0
135,13.599999999999968,5472.0
136,13.699999999999967,7201.0
137,13.799999999999967,5849.0
138,13.899999999999967,4878.0
139,13.999999999999966,7040.0
140,14.099999999999966,6539.0
141,14.199999999999966,4671.0
142,14.299999999999965,6656.0
143,14.399999999999965,6899.0
144,14.499999999999964,4787.0
145,14.599999999999964,6117.0
146,14.699999999999964,7186.0
147,14.799999999999963,5441.0
148,14.899999999999963,5217.0
149,14.999999999999963,7055.0
150,15.099999999999962,6600.0
151,15.199999999999962,4683.0
152,15.299999999999962,6293.0
153,15.399999999999961,7172.0
154,15.499999999999961,5518.0
155,15.59999999999996,5352.0
156,15.69999999999996,7121.0
157,15.79999999999996,6615.0
158,15.89999999999996,4702.0
159,15.99999999999996,6273.0
160,16.09999999999996,7236.0
161,16.19999999999996,5831.0
162,16.29999999999996,4840.0
163,16.399999999999963,6889.0
164,16.499999999999964,6960.0
165,16.599999999999966,4913.0
166,16.699999999999967,5508.0
167,16.79999999999997,7118.0
168,16.89999999999997,6554.0
169,16.99999999999997,4700.0
170,17.099999999999973,6178.0
171,17.199999999999974,7251.0
172,17.299999999999976,6111.0
173,17.399999999999977,4713.0
174,17.49999999999998,6601.0
175,17.59999999999998,7240.0
176,17.69999999999998,5824.0
177,17.799999999999983,4760.0
178,17.899999999999984,6774.0
179,17.999999999999986,7158.0
180,18.099999999999987,5422.0
181,18.19999999999999,5384.0
182,18.29999999999999,7089.0
183,18.39999999999999,6967.0
184,18.499999999999993,5007.0
185,18.599999999999994,5260.0
186,18.699999999999996,7076.0
187,18.799999999999997,6943.0
188,18.9,4959.0
189,19.0,5374.0
190,19.1,7087.0
191,19.200000000000003,7077.0
192,19.300000000000004,5209.0
193,19.400000000000006,4901.0
194,19.500000000000007,6758.0
195,19.60000000000001,7279.0
196,19.70000000000001,5976.0
197,19.80000000000001,4744.0
198,19.900000000000013,5999.0
199,20.000000000000014,7311.0
200,20.100000000000016,7096.0
201,20.200000000000017,5309.0
202,20.30000000000002,4923.0
203,20.40000000000002,6744.0
204,20.50000000000002,7474.0
205,20.600000000000023,6591.0
206,20.700000000000024,4733.0
207,20.800000000000026,6078.0
208,20.900000000000027,7353.0
209,21.00000000000003,6984.0
210,21.10000000000003,5105.0
211,21.20000000000003,5013.0
212,21.300000000000033,6927.0
213,21.400000000000034,7360.0
214,21.500000000000036,6150.0
215,21.600000000000037,4720.0
216,21.70000000000004,6104.0
217,21.80000000000004,7296.0
218,21.90000000000004,6854.0
219,22.000000000000043,5077.0
220,22.100000000000044,5201.0
221,22.200000000000045,7019.0
222,22.300000000000047,7445.0
223,22.40000000000005,6161.0
224,22.50000000000005,4779.0
225,22.60000000000005,5950.0
226,22.700000000000053,7294.0
227,22.800000000000054,7317.0
228,22.900000000000055,5630.0
229,23.000000000000057,4747.0
230,23.10000000000006,6175.0
231,23.20000000000006,7421.0
232,23.30000000000006,6703.0
233,23.400000000000063,4961.0
234,23.500000000000064,5231.0
235,23.600000000000065,6948.0
236,23.700000000000067,7436.0
237,23.800000000000068,6316.0
238,23.90000000000007,4886.0
239,24.00000000000007,5657.0
240,24.100000000000072,7104.0
241,24.200000000000074,7483.0
242,24.300000000000075,6200.0
243,24.400000000000077,5053.0
244,24.500000000000078,5585.0
245,24.60000000000008,7044.0
246,24.70000000000008,7583.0
247,24.800000000000082,6527.0
248,24.900000000000084,4879.0
249,25.000000000000085,5533.0
250,25.100000000000087,7052.0
251,25.200000000000088,7448.0
252,25.30000000000009,6246.0
253,25.40000000000009,4817.0
254,25.500000000000092,5648.0
255,25.600000000000094,7175.0
256,25.700000000000095,7370.0
257,25.800000000000097,5455.0
258,25.900000000000098,4789.0
259,26.0000000000001,6279.0
260,26.1000000000001,7438.0
261,26.200000000000102,7202.0
262,26.300000000000104,5395.0
263,26.400000000000105,4791.0
264,26.500000000000107,6404.0
265,26.600000000000108,7440.0
266,26.70000000000011,7079.0
267,26.80000000000011,5417.0
268,26.900000000000112,4872.0
269,27.000000000000114,6343.0
270,27.100000000000115,7482.0
271,27.200000000000117,7179.0
272,27.300000000000118,5387.0
273,27.40000000000012,4756.0
274,27.50000000000012,6181.0
275,27.600000000000122,7336.0
276,27.700000000000124,7066.0
277,27.800000000000125,5398.0
278,27.900000000000126,4837.0
279,28.000000000000128,6320.0
280,28.10000000000013,7482.0
281,28.20000000000013,7272.0
282,28.300000000000132,5370.0
283,28.400000000000134,4930.0
284,28.500000000000135,6395.0
285,28.600000000000136,7507.0
286,28.700000000000138,7281.0
287,28.80000000000014,5488.0
288,28.90000000000014,4785.0
289,29.000000000000142,6204.0
290,29.100000000000144,7396.0
291,29.200000000000145,7285.0
292,29.300000000000146,5563.0
293,29.400000000000148,4791.0
294,29.50000000000015,6136.0
295,29.60000000000015,7323.0
296,29.700000000000152,7400.0
297,29.800000000000153,5792.0
298,29.900000000000155,4847.0
299,30.000000000000156,5849.0
300,30.100000000000158,6790.0
301,30.20000000000016,7410.0
302,30.30000000000016,6035.0
303,30.400000000000162,5304.0
304,30.500000000000163,4926.0
305,30.600000000000165,6423.0
306,30.700000000000166,7496.0
307,30.800000000000168,7143.0
308,30.90000000000017,5417.0
309,31.00000000000017,4860.0
310,31.100000000000172,6329.0
311,31.200000000000173,7467.0
312,31.300000000000175,7314.0
313,31.400000000000176,5628.0
314,31.500000000000178,4830.0
315,31.60000000000018,5921.0
316,31.70000000000018,7067.0
317,31.800000000000182,7480.0
318,31.900000000000183,5961.0
319,32.000000000000185,5002.0
320,32.100000000000186,5196.0
321,32.20000000000019,6535.0
322,32.30000000000019,7468.0
323,32.40000000000019,6477.0
324,32.50000000000019,5365.0
325,32.60000000000019,4909.0
326,32.700000000000195,6406.0
327,32.800000000000196,7443.0
328,32.9000000000002,7205.0
329,33.0000000000002,5534.0
330,33.1000000000002,4821.0
331,33.2000000000002,6123.0
332,33.3000000000002,6932.0
333,33.400000000000205,7226.0
334,33.500000000000206,5650.0
335,33.60000000000021,4876.0
336,33.70000000000021,5842.0
337,33.80000000000021,6673.0
338,33.90000000000021,7463.0
339,34.00000000000021,6073.0
340,34.100000000000215,5370.0
341,34.200000000000216,4952.0
342,34.30000000000022,6445.0
343,34.40000000000022,7373.0
344,34.50000000000022,7096.0
345,34.60000000000022,5615.0
346,34.70000000000022,4862.0
347,34.800000000000225,6058.0
348,34.900000000000226,6802.0
349,35.00000000000023,7484.0
350,35.10000000000023,5962.0
351,35.20000000000023,5180.0
352,35.30000000000023,5167.0
353,35.40000000000023,6482.0
354,35.500000000000234,7345.0
355,35.600000000000236,6883.0
356,35.70000000000024,5634.0
357,35.80000000000024,4915.0
358,35.90000000000024,6217.0
359,36.00000000000024,6978.0
360,36.10000000000024,7489.0
361,36.200000000000244,5989.0
362,36.300000000000246,5280.0
363,36.40000000000025,5202.0
364,36.50000000000025,6529.0
365,36.60000000000025,7414.0
366,36.70000000000025,6925.0
367,36.80000000000025,5589.0
368,36.900000000000254,4856.0
369,37.000000000000256,6215.0
370,37.10000000000026,6962.0
371,37.20000000000026,7438.0
372,37.30000000000026,5865.0
373,37.40000000000026,5245.0
374,37.50000000000026,5421.0
375,37.600000000000264,6597.0
376,37.700000000000266,7468.0
377,37.80000000000027,6699.0
378,37.90000000000027,5539.0
379,38.00000000000027,4883.0
380,38.10000000000027,6346.0
381,38.20000000000027,7204.0
382,38.300000000000274,7356.0
383,38.400000000000276,5790.0
384,38.50000000000028,4989.0
385,38.60000000000028,6064.0
386,38.70000000000028,6931.0
387,38.80000000000028,7514.0
388,38.90000000000028,6094.0
389,39.000000000000284,5334.0
390,39.100000000000286,5240.0
391,39.20000000000029,6566.0
392,39.30000000000029,7519.0
393,39.40000000000029,7062.0
394,39.50000000000029,5603.0
395,39.60000000000029,4910.0
396,39.700000000000294,6211.0
397,39.800000000000296,6939.0
398,39.9000000000003,7383.0
399,40.0000000000003,5892.0
400,40.1000000000003,5417.0
401,40.2000000000003,5469.0
402,40.3000000000003,6675.0
403,40.400000000000304,7601.0
404,40.500000000000306,7105.0
405,40.60000000000031,5683.0
406,40.70000000000031,5002.0
407,40.80000000000031,6432.0
408,40.90000000000031,7259.0
409,41.00000000000031,7434.0
410,41.100000000000314,5860.0
411,41.200000000000315,5301.0
412,41.30000000000032,6313.0
413,41.40000000000032,7022.0
414,41.50000000000032,7800.0
415,41.60000000000032,6383.0
416,41.70000000000032,5681.0
417,41.800000000000324,5372.0
418,41.900000000000325,6794.0
419,42.00000000000033,7580.0
420,42.10000000000033,7644.0
421,42.20000000000033,5910.0
422,42.30000000000033,5404.0
423,42.40000000000033,6144.0
424,42.500000000000334,6985.0
425,42.600000000000335,7816.0
426,42.70000000000034,6835.0
427,42.80000000000034,5422.0
428,42.90000000000034,5217.0
429,43.00000000000034,6599.0
430,43.10000000000034,7497.0
431,43.200000000000344,6999.0
432,43.300000000000345,5642.0
433,43.40000000000035,5025.0
434,43.50000000000035,6553.0
435,43.60000000000035,7344.0
436,43.70000000000035,7303.0
437,43.80000000000035,5735.0
438,43.900000000000354,5156.0
439,44.000000000000355,6042.0
440,44.10000000000036,6824.0
441,44.20000000000036,7483.0
442,44.30000000000036,6336.0
443,44.40000000000036,5484.0
444,44.50000000000036,5246.0
445,44.600000000000364,6543.0
446,44.700000000000365,7457.0
447,44.80000000000037,7266.0
448,44.90000000000037,5697.0
449,45.00000000000037,5082.0
450,45.10000000000037,6023.0
451,45.20000000000037,6854.0
452,45.300000000000374,7471.0
453,45.400000000000375,6235.0
454,45.50000000000038,5453.0
455,45.60000000000038,5382.0
456,45.70000000000038,6563.0
457,45.80000000000038,7390.0
458,45.90000000000038,7218.0
459,46.000000000000384,5699.0
460,46.100000000000385,4973.0
461,46.20000000000039,6203.0
462,46.30000000000039,7016.0
463,46.40000000000039,7367.0
464,46.50000000000039,5958.0
465,46.60000000000039,5453.0
466,46.700000000000394,5742.0
467,46.800000000000395,6665.0
468,46.9000000000004,7468.0
469,47.0000000000004,7255.0
470,47.1000000000004,5755.0
471,47.2000000000004,5208.0
472,47.3000000000004,5942.0
473,47.400000000000404,6790.0
474,47.500000000000405,7513.0
475,47.600000000000406,6707.0
476,47.70000000000041,5466.0
477,47.80000000000041,5193.0
478,47.90000000000041,6450.0
479,48.00000000000041,7343.0
480,48.10000000000041,7235.0
481,48.200000000000415,5777.0
482,48.300000000000416,5282.0
483,48.40000000000042,5873.0
484,48.50000000000042,6709.0
485,48.60000000000042,7477.0
486,48.70000000000042,6575.0
487,48.80000000000042,5487.0
488,48.900000000000425,5203.0
489,49.000000000000426,6419.0
490,49.10000000000043,7349.0
491,49.20000000000043,7289.0
492,49.30000000000043,5796.0
493,49.40000000000043,5244.0
494,49.50000000000043,5950.0
495,49.600000000000435,6770.0
496,49.700000000000436,7489.0
497,49.80000000000044,6802.0
498,49.90000000000044,5529.0
499,50.00000000000044,5059.0
500,50.10000000000044,6293.0
501,50.20000000000044,7193.0
502,50.300000000000445,7352.0
503,50.400000000000446,5926.0
504,50.50000000000045,5345.0
505,50.60000000000045,5728.0
506,50.70000000000045,6672.0
507,50.80000000000045,7526.0
508,50.90000000000045,7027.0
509,51.000000000000455,5573.0
510,51.100000000000456,5242.0
511,51.20000000000046,6454.0
512,51.30000000000046,7381.0
513,51.40000000000046,7233.0
514,51.50000000000046,5752.0
515,51.60000000000046,5250.0
516,51.700000000000465,5976.0
517,51.800000000000466,6759.0
518,51.90000000000047,7476.0
519,52.00000000000047,6796.0
520,52.10000000000047,5574.0
521,52.20000000000047,5022.0
522,52.30000000000047,6210.0
523,52.400000000000475,6986.0
524,52.500000000000476,7396.0
525,52.60000000000048,6126.0
526,52.70000000000048,5504.0
527,52.80000000000048,5366.0
528,52.90000000000048,6469.0
529,53.00000000000048,7311.0
530,53.100000000000485,7409.0
531,53.200000000000486,5981.0
532,53.30000000000049,5337.0
533,53.40000000000049,5603.0
534,53.50000000000049,6596.0
535,53.60000000000049,7485.0
536,53.70000000000049,7048.0
537,53.800000000000495,5653.0
538,53.900000000000496,5159.0
539,54.0000000000005,6015.0
540,54.1000000000005,6838.0
541,54.2000000000005,7578.0
542,54.3000000000005,6934.0
543,54.4000000000005,5574.0
544,54.500000000000504,5074.0
545,54.600000000000506,6167.0
546,54.70000000000051,6938.0
547,54.80000000000051,7565.0
548,54.90000000000051,6791.0
549,55.00000000000051,5526.0
550,55.10000000000051,4992.0
551,55.200000000000514,6250.0
552,55.300000000000516,6981.0
553,55.40000000000052,7506.0
554,55.50000000000052,6534.0
555,55.60000000000052,5519.0
556,55.70000000000052,4968.0
557,55.80000000000052,6221.0
558,55.900000000000524,6868.0
559,56.000000000000526,7429.0
560,56.10000000000053,6395.0
561,56.20000000000053,5572.0
562,56.30000000000053,5275.0
563,56.40000000000053,6368.0
564,56.50000000000053,7056.0
565,56.600000000000534,7617.0
566,56.700000000000536,6686.0
567,56.80000000000054,5478.0
568,56.90000000000054,5016.0
569,57.00000000000054,6339.0
570,57.10000000000054,7263.0
571,57.20000000000054,7483.0
572,57.300000000000544,6122.0
573,57.400000000000546,5426.0
574,57.50000000000055,5395.0
575,57.60000000000055,6498.0
576,57.70000000000055,7353.0
577,57.80000000000055,7476.0
578,57.90000000000055,6051.0
579,58.000000000000554,5394.0
580,58.100000000000556,5523.0
581,58.20000000000056,6561.0
582,58.30000000000056,7420.0
583,58.40000000000056,7425.0
584,58.50000000000056,5928.0
585,58.60000000000056,5356.0
586,58.700000000000564,5845.0
587,58.800000000000566,6677.0
588,58.90000000000057,7481.0
589,59.00000000000057,7258.0
590,59.10000000000057,5749.0
591,59.20000000000057,5182.0
592,59.30000000000057,5789.0
593,59.400000000000574,6660.0
594,59.500000000000576,7495.0
595,59.60000000000058,7197.0
596,59.70000000000058,5745.0
597,59.80000000000058,5237.0
598,59.90000000000058,5854.0
599,60.00000000000058,6687.0
600,60.100000000000584,7481.0
601,60.200000000000585,7302.0
602,60.30000000000059,5824.0
603,60.40000000000059,5323.0
604,60.50000000000059,5697.0
605,60.60000000000059,6639.0
606,60.70000000000059,7469.0
607,60.800000000000594,7387.0
608,60.900000000000595,5876.0
609,61.0000000000006,5335.0
610,61.1000000000006,5602.0
611,61.2000000000006,6596.0
612,61.3000000000006,7521.0
613,61.4000000000006,7323.0
614,61.500000000000604,5848.0
615,61.600000000000605,5342.0
616,61.70000000000061,5470.0
617,61.80000000000061,6538.0
618,61.90000000000061,7205.0
619,62.00000000000061,7441.0
620,62.10000000000061,6153.0
621,62.200000000000614,5581.0
622,62.300000000000615,5058.0
623,62.40000000000062,6303.0
624,62.50000000000062,6947.0
625,62.60000000000062,7633.0
626,62.70000000000062,6903.0
627,62.80000000000062,5645.0
628,62.900000000000624,5040.0
629,63.000000000000625,6134.0
630,63.10000000000063,6786.0
631,63.20000000000063,7526.0
632,63.30000000000063,7025.0
633,63.40000000000063,5761.0
634,63.50000000000063,5309.0
635,63.600000000000634,5711.0
636,63.700000000000635,6668.0
637,63.80000000000064,7605.0
638,63.90000000000064,7263.0
639,64.00000000000064,5801.0
640,64.10000000000063,5261.0
641,64.20000000000063,5736.0
642,64.30000000000062,6703.0
643,64.40000000000062,7285.0
644,64.50000000000061,7203.0
645,64.6000000000006,5883.0
646,64.7000000000006,5564.0
647,64.8000000000006,5040.0
648,64.90000000000059,6389.0
649,65.00000000000058,6923.0
650,65.10000000000058,7597.0
651,65.20000000000057,6786.0
652,65.30000000000057,5689.0
653,65.40000000000056,5105.0
654,65.50000000000055,5904.0
655,65.60000000000055,6706.0
656,65.70000000000054,7299.0
657,65.80000000000054,7135.0
658,65.90000000000053,5858.0
659,66.00000000000053,5548.0
660,66.10000000000052,5038.0
661,66.20000000000051,6391.0
662,66.30000000000051,6996.0
663,66.4000000000005,7531.0
664,66.5000000000005,6344.0
665,66.60000000000049,5694.0
666,66.70000000000049,5175.0
667,66.80000000000048,5973.0
668,66.90000000000047,6757.0
669,67.00000000000047,7417.0
670,67.10000000000046,7292.0
671,67.20000000000046,5866.0
672,67.30000000000045,5476.0
673,67.40000000000045,5003.0
674,67.50000000000044,6397.0
675,67.60000000000043,6858.0
676,67.70000000000043,7459.0
677,67.80000000000042,6383.0
678,67.90000000000042,5731.0
679,68.00000000000041,5288.0
680,68.1000000000004,5707.0
681,68.2000000000004,6695.0
682,68.3000000000004,7355.0
683,68.40000000000039,7422.0
684,68.50000000000038,5966.0
685,68.60000000000038,5577.0
686,68.70000000000037,5013.0
687,68.80000000000037,6542.0
688,68.90000000000036,7106.0
689,69.00000000000036,7713.0
690,69.10000000000035,6375.0
691,69.20000000000034,5809.0
692,69.30000000000034,5226.0
693,69.40000000000033,6306.0
694,69.50000000000033,6948.0
695,69.60000000000032,7584.0
696,69.70000000000032,7538.0
697,69.80000000000031,5942.0
698,69.9000000000003,5577.0
699,70.0000000000003,4982.0
700,70.10000000000029,6297.0
701,70.20000000000029,6833.0
702,70.30000000000028,7472.0
703,70.40000000000028,7205.0
704,70.50000000000027,5896.0
705,70.60000000000026,5598.0
706,70.70000000000026,5016.0
707,70.80000000000025,6266.0
708,70.90000000000025,6840.0
709,71.00000000000024,7455.0
710,71.10000000000024,7198.0
711,71.20000000000023,5856.0
712,71.30000000000022,5519.0
713,71.40000000000022,5128.0
714,71.50000000000021,6485.0
715,71.60000000000021,6896.0
716,71.7000000000002,7493.0
717,71.8000000000002,6451.0
718,71.90000000000019,5726.0
719,72.00000000000018,5280.0
720,72.10000000000018,5508.0
721,72.20000000000017,6595.0
722,72.30000000000017,6944.0
723,72.40000000000016,7409.0
724,72.50000000000016,6159.0
725,72.60000000000015,5702.0
726,72.70000000000014,5248.0
727,72.80000000000014,5750.0
728,72.90000000000013,6661.0
729,73.00000000000013,7153.0
730,73.10000000000012,7429.0
731,73.20000000000012,6147.0
732,73.30000000000011,5711.0
733,73.4000000000001,5315.0
734,73.5000000000001,5969.0
735,73.6000000000001,6746.0
736,73.70000000000009,7344.0
737,73.80000000000008,7505.0
738,73.90000000000008,6000.0
739,74.00000000000007,5559.0
740,74.10000000000007,5063.0
741,74.20000000000006,6254.0
742,74.30000000000005,6845.0
743,74.40000000000005,7555.0
744,74.50000000000004,7251.0
745,74.60000000000004,5861.0
746,74.70000000000003,5448.0
747,74.80000000000003,5213.0
748,74.90000000000002,6437.0
749,75.00000000000001,6974.0
750,75.10000000000001,7540.0
751,75.2,6887.0
752,75.3,5759.0
753,75.39999999999999,5372.0
754,75.49999999999999,5598.0
755,75.59999999999998,6560.0
756,75.69999999999997,7115.0
757,75.79999999999997,7543.0
758,75.89999999999996,6823.0
759,75.99999999999996,5701.0
760,76.09999999999995,5259.0
761,76.19999999999995,5667.0
762,76.29999999999994,6581.0
763,76.39999999999993,7345.0
764,76.49999999999993,7339.0
765,76.59999999999992,6054.0
766,76.69999999999992,5617.0
767,76.79999999999991,5160.0
768,76.8999999999999,6102.0
769,76.9999999999999,6769.0
770,77.0999999999999,7407.0
771,77.19999999999989,7394.0
772,77.29999999999988,6092.0
773,77.39999999999988,5602.0
774,77.49999999999987,5105.0
775,77.59999999999987,6097.0
776,77.69999999999986,6767.0
777,77.79999999999986,7300.0
778,77.89999999999985,7271.0
779,77.99999999999984,5959.0
780,78.09999999999984,5627.0
781,78.19999999999983,5139.0
782,78.29999999999983,6067.0
783,78.39999999999982,6761.0
784,78.49999999999982,7300.0
785,78.59999999999981,7398.0
786,78.6999999999998,6111.0
787,78.7999999999998,5682.0
788,78.89999999999979,5160.0
789,78.99999999999979,5987.0
790,79.09999999999978,6711.0
791,79.19999999999978,7025.0
792,79.29999999999977,7470.0
793,79.39999999999976,6502.0
794,79.49999999999976,5759.0
795,79.59999999999975,5412.0
796,79.69999999999975,5297.0
797,79.79999999999974,6482.0
798,79.89999999999974,6886.0
799,79.99999999999973,7478.0
800,80.09999999999972,7110.0
801,80.19999999999972,5863.0
802,80.29999999999971,5553.0
803,80.39999999999971,4993.0
804,80.4999999999997,6198.0
805,80.5999999999997,6783.0
806,80.69999999999969,6953.0
807,80.79999999999968,7200.0
808,80.89999999999968,5974.0
809,80.99999999999967,5752.0
810,81.09999999999967,5415.0
811,81.19999999999966,5307.0
812,81.29999999999966,6530.0
813,81.39999999999965,6901.0
814,81.49999999999964,7369.0
815,81.59999999999964,6559.0
816,81.69999999999963,5841.0
817,81.79999999999963,5596.0
818,81.89999999999962,5128.0
819,81.99999999999962,6238.0
820,82.09999999999961,6848.0
821,82.1999999999996,7160.0
822,82.2999999999996,7433.0
823,82.3999999999996,6212.0
824,82.49999999999959,5704.0
825,82.59999999999958,5293.0
826,82.69999999999958,5499.0
827,82.79999999999957,6566.0
828,82.89999999999957,6891.0
829,82.99999999999956,7416.0
830,83.09999999999955,6794.0
831,83.19999999999955,5816.0
832,83.29999999999954,5527.0
833,83.39999999999954,5051.0
834,83.49999999999953,6295.0
835,83.59999999999953,6838.0
836,83.69999999999952,7447.0
837,83.79999999999951,7296.0
838,83.89999999999951,5951.0
839,83.9999999999995,5532.0
840,84.0999999999995,5050.0
841,84.19999999999949,6255.0
842,84.29999999999949,6810.0
843,84.39999999999948,7303.0
844,84.49999999999947,7311.0
845,84.59999999999947,5993.0
846,84.69999999999946,5649.0
847,84.79999999999946,5198.0
848,84.89999999999945,5847.0
849,84.99999999999945,6656.0
850,85.09999999999944,7117.0
851,85.19999999999943,7500.0
852,85.29999999999943,6590.0
853,85.39999999999942,5738.0
854,85.49999999999942,5355.0
855,85.59999999999941,5651.0
856,85.6999999999994,6572.0
857,85.7999999999994,6930.0
858,85.8999999999994,7461.0
859,85.99999999999939,6946.0
860,86.09999999999938,5840.0
861,86.19999999999938,5552.0
862,86.29999999999937,5166.0
863,86.39999999999937,6270.0
864,86.49999999999936,6884.0
865,86.59999999999935,7426.0
866,86.69999999999935,7320.0
867,86.79999999999934,6012.0
868,86.89999999999934,5599.0
869,86.99999999999933,5147.0
870,87.09999999999933,5939.0
871,87.19999999999932,6671.0
872,87.29999999999932,7120.0
873,87.39999999999931,7471.0
874,87.4999999999993,6627.0
875,87.5999999999993,5758.0
876,87.69999999999929,5421.0
877,87.79999999999929,5354.0
878,87.89999999999928,6428.0
879,87.99999999999928,6889.0
880,88.09999999999927,7483.0
881,88.19999999999926,7352.0
882,88.29999999999926,6120.0
883,88.39999999999925,5664.0
884,88.49999999999925,5292.0
885,88.59999999999924,5714.0
886,88.69999999999924,6566.0
887,88.79999999999923,6943.0
888,88.89999999999922,7531.0
889,88.99999999999922,7209.0
890,89.09999999999921,5931.0
891,89.1999999999992,5577.0
892,89.2999999999992,5140.0
893,89.3999999999992,6061.0
894,89.49999999999919,6719.0
895,89.59999999999918,7050.0
896,89.69999999999918,7560.0
897,89.79999999999917,7096.0
898,89.89999999999917,5880.0
899,89.99999999999916,5566.0
900,90.09999999999916,5050.0
901,90.19999999999915,5918.0
902,90.29999999999914,6641.0
903,90.39999999999914,6876.0
904,90.49999999999913,7255.0
905,90.59999999999913,6998.0
906,90.69999999999912,5915.0
907,90.79999999999912,5735.0
908,90.89999999999911,5429.0
909,90.9999999999991,5154.0
910,91.0999999999991,6373.0
911,91.1999999999991,6832.0
912,91.29999999999909,7004.0
913,91.39999999999908,7412.0
914,91.49999999999908,6268.0
915,91.59999999999907,5802.0
916,91.69999999999906,5546.0
917,91.79999999999906,5035.0
918,91.89999999999905,6131.0
919,91.99999999999905,6740.0
920,92.09999999999904,6927.0
921,92.19999999999904,7368.0
922,92.29999999999903,7047.0
923,92.39999999999903,5916.0
924,92.49999999999902,5701.0
925,92.59999999999901,5345.0
926,92.69999999999901,5272.0
927,92.799999999999,6444.0
928,92.899999999999,6834.0
929,92.99999999999899,6933.0
930,93.09999999999899,7299.0
931,93.19999999999898,6631.0
932,93.29999999999897,5876.0
933,93.39999999999897,5719.0
934,93.49999999999896,5379.0
935,93.59999999999896,5296.0
936,93.69999999999895,6470.0
937,93.79999999999895,6864.0
938,93.89999999999894,6955.0
939,93.99999999999893,7296.0
940,94.09999999999893,6375.0
941,94.19999999999892,5832.0
942,94.29999999999892,5645.0
943,94.39999999999891,5211.0
944,94.4999999999989,5585.0
945,94.5999999999989,6553.0
946,94.6999999999989,6869.0
947,94.79999999999889,7019.0
948,94.89999999999888,7272.0
949,94.99999999999888,6126.0
950,95.09999999999887,5830.0
951,95.19999999999887,5616.0
952,95.29999999999886,5157.0
953,95.39999999999885,5942.0
954,95.49999999999885,6691.0
955,95.59999999999884,6939.0
956,95.69999999999884,7067.0
957,95.79999999999883,7210.0
958,95.89999999999883,6062.0
959,95.99999999999882,5824.0
960,96.09999999999881,5620.0
961,96.19999999999881,5172.0
962,96.2999999999988,5888.0
963,96.3999999999988,6660.0
964,96.49999999999879,6932.0
965,96.59999999999879,7227.0
966,96.69999999999878,7203.0
967,96.79999999999878,6015.0
968,96.89999999999877,5781.0
969,96.99999999999876,5529.0
970,97.09999999999876,5042.0
971,97.19999999999875,6105.0
972,97.29999999999875,6712.0
973,97.39999999999874,6914.0
974,97.49999999999874,7218.0
975,97.59999999999873,7137.0
976,97.69999999999872,6009.0
977,97.79999999999872,5808.0
978,97.89999999999871,5592.0
979,97.9999999999987,5161.0
980,98.0999999999987,6008.0
981,98.1999999999987,6689.0
982,98.29999999999869,6936.0
983,98.39999999999868,7165.0
984,98.49999999999868,7317.0
985,98.59999999999867,6326.0
986,98.69999999999867,5853.0
987,98.79999999999866,5679.0
988,98.89999999999866,5377.0
989,98.99999999999865,5359.0
990,99.09999999999864,6482.0
991,99.19999999999864,6854.0
992,99.29999999999863,6992.0
993,99.39999999999863,7428.0
994,99.49999999999862,7100.0
995,99.59999999999862,5988.0
996,99.69999999999861,5790.0
997,99.7999999999986,5554.0
998,99.8999999999986,5211.0
999,99.9999999999986,6037.0
1000,100.09999999999859,6672.0
1001,100.19999999999858,6950.0
1002,100.29999999999858,7293.0
1003,100.39999999999857,7513.0
1004,100.49999999999856,6899.0
1005,100.59999999999856,5891.0
1006,100.69999999999855,5664.0
1007,100.79999999999855,5338.0
1008,100.89999999999854,5239.0
1009,100.99999999999854,6367.0
1010,101.09999999999853,6817.0
1011,101.19999999999852,6941.0
1012,101.29999999999852,7348.0
1013,101.39999999999851,6840.0
1014,101.49999999999851,5937.0
1015,101.5999999999985,5775.0
1016,101.6999999999985,5523.0
1017,101.79999999999849,5234.0
1018,101.89999999999849,6262.0
1019,101.99999999999848,6793.0
1020,102.09999999999847,6999.0
1021,102.19999999999847,7133.0
1022,102.29999999999846,7383.0
1023,102.39999999999846,6564.0
1024,102.49999999999845,5865.0
1025,102.59999999999845,5705.0
1026,102.69999999999844,5397.0
1027,102.79999999999843,5056.0
1028,102.89999999999843,6301.0
1029,102.99999999999842,6789.0
1030,103.09999999999842,6910.0
1031,103.19999999999841,7229.0
1032,103.2999999999984,7063.0
1033,103.3999999999984,6001.0
1034,103.4999999999984,5860.0
1035,103.59999999999839,5697.0
1036,103.69999999999838,5356.0
1037,103.79999999999838,5423.0
1038,103.89999999999837,6487.0
1039,103.99999999999837,6912.0
1040,104.09999999999836,7006.0
1041,104.19999999999835,7298.0
1042,104.29999999999835,6877.0
1043,104.39999999999834,5947.0
1044,104.49999999999834,5829.0
1045,104.59999999999833,5623.0
1046,104.69999999999833,5100.0
1047,104.79999999999832,5687.0
1048,104.89999999999831,6623.0
1049,104.99999999999831,6914.0
1050,105.0999999999983,6940.0
1051,105.1999999999983,6821.0
1052,105.29999999999829,6521.0
1053,105.39999999999829,5907.0
1054,105.49999999999828,5853.0
1055,105.59999999999827,5722.0
1056,105.69999999999827,5235.0
1057,105.79999999999826,5190.0
1058,105.89999999999826,6510.0
1059,105.99999999999825,6852.0
1060,106.09999999999825,6897.0
1061,106.19999999999824,6698.0
1062,106.29999999999824,5759.0
1063,106.39999999999823,5358.0
1064,106.49999999999822,5817.0
1065,106.59999999999822,5949.0
1066,106.69999999999821,5912.0
1067,106.7999999999982,5705.0
1068,106.8999999999982,5153.0
1069,106.9999999999982,6108.0
1070,107.09999999999819,6831.0
1071,107.19999999999818,7030.0
1072,107.29999999999818,7004.0
1073,107.39999999999817,6720.0
1074,107.49999999999817,5835.0
1075,107.59999999999816,5801.0
1076,107.69999999999816,5890.0
1077,107.79999999999815,5884.0
1078,107.89999999999814,5735.0
1079,107.99999999999814,5220.0
1080,108.09999999999813,5314.0
1081,108.19999999999813,6589.0
1082,108.29999999999812,6895.0
1083,108.39999999999812,6923.0
1084,108.49999999999811,6762.0
1085,108.5999999999981,6439.0
1086,108.6999999999981,5886.0
1087,108.7999999999981,5884.0
1088,108.89999999999809,5845.0
1089,108.99999999999808,5635.0
1090,109.09999999999808,4998.0
1091,109.19999999999807,6108.0
1092,109.29999999999806,6758.0
1093,109.39999999999806,6899.0
1094,109.49999999999805,6895.0
1095,109.59999999999805,7177.0
1096,109.69999999999804,6135.0
1097,109.79999999999804,5860.0
1098,109.89999999999803,5758.0
1099,109.99999999999802,5423.0
1100,110.09999999999802,4949.0
1101,110.19999999999801,5882.0
1102,110.29999999999801,6616.0
1103,110.399999999998,6758.0
1104,110.499999999998,6780.0
1105,110.59999999999799,7069.0
1106,110.69999999999798,6005.0
1107,110.79999999999798,5852.0
1108,110.89999999999797,5731.0
1109,110.99999999999797,5346.0
1110,111.09999999999796,4978.0
1111,111.19999999999796,6147.0
1112,111.29999999999795,6706.0
1113,111.39999999999795,6829.0
1114,111.49999999999794,6869.0
1115,111.59999999999793,6943.0
1116,111.69999999999793,5946.0
1117,111.79999999999792,5829.0
1118,111.89999999999792,5653.0
1119,111.99999999999791,5073.0
1120,112.0999999999979,5125.0
1121,112.1999999999979,6424.0
1122,112.2999999999979,6764.0
1123,112.39999999999789,6817.0
1124,112.49999999999788,6848.0
1125,112.59999999999788,6725.0
1126,112.69999999999787,5950.0
1127,112.79999999999787,5870.0
1128,112.89999999999786,5740.0
1129,112.99999999999785,5267.0
1130,113.09999999999785,5011.0
1131,113.19999999999784,6211.0
1132,113.29999999999784,6746.0
1133,113.39999999999783,6852.0
1134,113.49999999999783,6800.0
1135,113.59999999999782,6905.0
1136,113.69999999999781,6000.0
1137,113.79999999999781,5919.0
1138,113.8999999999978,5858.0
1139,113.9999999999978,5621.0
1140,114.09999999999779,5027.0
1141,114.19999999999779,6006.0
1142,114.29999999999778,6732.0
1143,114.39999999999777,6896.0
1144,114.49999999999777,6857.0
1145,114.59999999999776,6737.0
1146,114.69999999999776,6096.0
1147,114.79999999999775,5931.0
1148,114.89999999999775,5913.0
1149,114.99999999999774,5784.0
1150,115.09999999999773,5353.0
1151,115.19999999999773,5172.0
1152,115.29999999999772,6469.0
1153,115.39999999999772,6872.0
1154,115.49999999999771,6948.0
1155,115.5999999999977,6915.0
1156,115.6999999999977,7099.0
1157,115.7999999999977,6069.0
1158,115.89999999999769,5919.0
1159,115.99999999999768,5825.0
1160,116.09999999999768,5575.0
1161,116.19999999999767,5034.0
1162,116.29999999999767,5817.0
1163,116.39999999999766,6648.0
1164,116.49999999999766,6899.0
1165,116.59999999999765,6945.0
1166,116.69999999999764,7313.0
1167,116.79999999999764,6442.0
1168,116.89999999999763,5947.0
1169,116.99999999999763,5843.0
1170,117.09999999999762,5601.0
1171,117.19999999999762,5030.0
1172,117.29999999999761,5631.0
1173,117.3999999999976,6588.0
1174,117.4999999999976,6852.0
1175,117.59999999999759,6887.0
1176,117.69999999999759,6828.0
1177,117.79999999999758,6814.0
1178,117.89999999999758,5987.0
1179,117.99999999999757,5931.0
1180,118.09999999999756,5837.0
1181,118.19999999999756,5515.0
1182,118.29999999999755,5038.0
1183,118.39999999999755,6099.0
1184,118.49999999999754,6736.0
1185,118.59999999999754,6911.0
1186,118.69999999999753,6888.0
1187,118.79999999999752,6682.0
1188,118.89999999999752,6243.0
1189,118.99999999999751,5934.0
1190,119.09999999999751,5963.0
1191,119.1999999999975,5873.0
1192,119.2999999999975,5592.0
1193,119.39999999999749,5093.0
1194,119.49999999999748,6191.0
1195,119.59999999999748,6790.0
1196,119.69999999999747,6984.0
1197,119.79999999999747,6975.0
1198,119.89999999999746,6802.0
1199,119.99999999999746,6665.0
1200,120.09999999999745,5961.0
1201,120.19999999999744,5991.0
1202,120.29999999999744,5954.0
1203,120.39999999999743,5772.0
1204,120.49999999999743,5359.0
1205,120.59999999999742,5748.0
1206,120.69999999999742,6665.0
1207,120.79999999999741,6999.0
1208,120.8999999999974,7063.0
1209,120.9999999999974,6994.0
1210,121.0999999999974,7208.0
1211,121.19999999999739,6349.0
1212,121.29999999999738,5983.0
1213,121.39999999999738,5925.0
1214,121.49999999999737,5744.0
1215,121.59999999999737,5296.0
1216,121.69999999999736,5877.0
1217,121.79999999999735,6704.0
1218,121.89999999999735,6980.0
1219,121.99999999999734,6998.0
1220,122.09999999999734,6956.0
1221,122.19999999999733,6890.0
1222,122.29999999999733,6023.0
1223,122.39999999999732,5967.0
1224,122.49999999999731,5866.0
1225,122.59999999999731,5583.0
1226,122.6999999999973,5130.0
1227,122.7999999999973,6303.0
1228,122.89999999999729,6856.0
1229,122.99999999999729,7023.0
1230,123.09999999999728,6968.0
1231,123.19999999999727,6871.0
1232,123.29999999999727,6326.0
1233,123.39999999999726,5996.0
1234,123.49999999999726,5985.0
1235,123.59999999999725,5879.0
1236,123.69999999999725,5586.0
1237,123.79999999999724,5328.0
1238,123.89999999999723,6537.0
1239,123.99999999999723,6975.0
1240,124.09999999999722,7091.0
1241,124.19999999999722,6940.0
1242,124.29999999999721,6909.0
1243,124.3999999999972,6071.0
1244,124.4999999999972,5980.0
1245,124.5999999999972,5953.0
1246,124.69999999999719,5780.0
1247,124.79999999999718,5324.0
1248,124.89999999999718,5696.0
1249,124.99999999999717,6678.0
1250,125.09999999999717,6978.0
1251,125.19999999999716,7021.0
1252,125.29999999999715,6824.0
1253,125.39999999999715,6302.0
1254,125.49999999999714,5834.0
1255,125.59999999999714,5950.0
1256,125.69999999999713,6042.0
1257,125.79999999999713,6001.0
1258,125.89999999999712,5777.0
1259,125.99999999999712,5448.0
1260,126.09999999999711,6377.0
1261,126.1999999999971,6941.0
1262,126.2999999999971,7160.0
1263,126.39999999999709,7150.0
1264,126.49999999999709,6885.0
1265,126.59999999999708,6466.0
1266,126.69999999999708,5899.0
1267,126.79999999999707,6015.0
1268,126.89999999999706,6066.0
1269,126.99999999999706,5965.0
1270,127.09999999999705,5726.0
1271,127.19999999999705,5821.0
1272,127.29999999999704,6634.0
1273,127.39999999999704,7070.0
1274,127.49999999999703,7240.0
1275,127.59999999999702,7173.0
1276,127.69999999999702,7018.0
1277,127.79999999999701,6983.0
1278,127.89999999999701,6060.0
1279,127.999999999997,5986.0
1280,128.099999999997,5875.0
1281,128.199999999997,5567.0
1282,128.299999999997,5190.0
1283,128.399999999997,6360.0
1284,128.499999999997,6863.0
1285,128.59999999999698,7017.0
1286,128.69999999999698,6955.0
1287,128.79999999999697,6672.0
1288,128.89999999999696,6261.0
1289,128.99999999999696,5963.0
1290,129.09999999999695,6035.0
1291,129.19999999999695,5984.0
1292,129.29999999999694,5763.0
1293,129.39999999999694,5476.0
1294,129.49999999999693,6365.0
1295,129.59999999999692,6921.0
1296,129.69999999999692,7148.0
1297,129.7999999999969,7133.0
1298,129.8999999999969,6852.0
1299,129.9999999999969,6516.0
1300,130.0999999999969,5913.0
1301,130.1999999999969,5989.0
1302,130.29999999999688,6045.0
1303,130.39999999999688,5963.0
1304,130.49999999999687,5736.0
1305,130.59999999999687,5618.0
1306,130.69999999999686,6487.0
1307,130.79999999999686,6982.0
1308,130.89999999999685,7180.0
1309,130.99999999999685,7134.0
1310,131.09999999999684,6838.0
1311,131.19999999999683,6714.0
1312,131.29999999999683,5958.0
1313,131.39999999999682,6006.0
1314,131.49999999999682,6046.0
1315,131.5999999999968,5954.0
1316,131.6999999999968,5699.0
1317,131.7999999999968,6082.0
1318,131.8999999999968,6688.0
1319,131.9999999999968,7084.0
1320,132.09999999999678,7237.0
1321,132.19999999999678,7147.0
1322,132.29999999999677,7349.0
1323,132.39999999999677,7015.0
1324,132.49999999999676,6093.0
1325,132.59999999999675,5989.0
1326,132.69999999999675,5863.0
1327,132.79999999999674,5588.0
1328,132.89999999999674,5560.0
1329,132.99999999999673,6491.0
1330,133.09999999999673,6950.0
1331,133.19999999999672,7113.0
1332,133.29999999999671,7044.0
1333,133.3999999999967,7207.0
1334,133.4999999999967,6689.0
1335,133.5999999999967,6032.0
1336,133.6999999999967,5999.0
1337,133.7999999999967,5882.0
1338,133.89999999999668,5629.0
1339,133.99999999999667,5617.0
1340,134.09999999999667,6464.0
1341,134.19999999999666,6999.0
1342,134.29999999999666,7151.0
1343,134.39999999999665,7093.0
1344,134.49999999999665,7087.0
1345,134.59999999999664,7033.0
1346,134.69999999999663,6130.0
1347,134.79999999999663,6031.0
1348,134.89999999999662,5968.0
1349,134.99999999999662,5751.0
1350,135.0999999999966,5473.0
1351,135.1999999999966,6220.0
1352,135.2999999999966,6810.0
1353,135.3999999999966,7101.0
1354,135.4999999999966,7155.0
1355,135.59999999999658,7011.0
1356,135.69999999999658,7117.0
1357,135.79999999999657,6522.0
1358,135.89999999999657,6035.0
1359,135.99999999999656,6018.0
1360,136.09999999999656,5930.0
1361,136.19999999999655,5669.0
1362,136.29999999999654,5346.0
1363,136.39999999999654,6349.0
1364,136.49999999999653,6876.0
1365,136.59999999999653,7098.0
1366,136.69999999999652,7068.0
1367,136.79999999999652,6790.0
1368,136.8999999999965,6608.0
1369,136.9999999999965,5986.0
1370,137.0999999999965,6043.0
1371,137.1999999999965,6049.0
1372,137.2999999999965,5929.0
1373,137.39999999999648,5674.0
1374,137.49999999999648,5739.0
1375,137.59999999999647,6606.0
1376,137.69999999999646,7041.0
1377,137.79999999999646,7198.0
1378,137.89999999999645,7139.0
1379,137.99999999999645,6857.0
1380,138.09999999999644,6708.0
1381,138.19999999999644,6004.0
1382,138.29999999999643,6036.0
1383,138.39999999999642,6046.0
1384,138.49999999999642,5944.0
1385,138.5999999999964,5697.0
1386,138.6999999999964,5583.0
1387,138.7999999999964,6499.0
1388,138.8999999999964,6985.0
1389,138.9999999999964,7177.0
1390,139.09999999999638,7157.0
1391,139.19999999999638,6943.0
1392,139.29999999999637,6691.0
1393,139.39999999999637,5995.0
1394,139.49999999999636,6028.0
1395,139.59999999999636,6064.0
1396,139.69999999999635,5997.0
1397,139.79999999999634,5794.0
1398,139.89999999999634,5588.0
1399,139.99999999999633,6342.0
1400,140.09999999999633,6895.0
1401,140.19999999999632,7163.0
1402,140.29999999999632,7208.0
1403,140.3999999999963,7068.0
1404,140.4999999999963,6818.0
1405,140.5999999999963,6464.0
1406,140.6999999999963,6008.0
1407,140.7999999999963,6050.0
1408,140.89999999999628,6030.0
1409,140.99999999999628,5883.0
1410,141.09999999999627,5637.0
1411,141.19999999999627,5987.0
1412,141.29999999999626,6679.0
1413,141.39999999999625,7069.0
1414,141.49999999999625,7210.0
1415,141.59999999999624,7155.0
1416,141.69999999999624,6973.0
1417,141.79999999999623,6714.0
1418,141.89999999999623,6044.0
1419,141.99999999999622,6052.0
1420,142.09999999999621,6013.0
1421,142.1999999999962,5850.0
1422,142.2999999999962,5617.0
1423,142.3999999999962,6043.0
1424,142.4999999999962,6695.0
1425,142.5999999999962,7074.0
1426,142.69999999999618,7212.0
1427,142.79999999999617,7146.0
1428,142.89999999999617,7087.0
1429,142.99999999999616,6889.0
1430,143.09999999999616,6092.0
1431,143.19999999999615,6050.0
1432,143.29999999999615,6020.0
1433,143.39999999999614,5881.0
1434,143.49999999999613,5649.0
1435,143.59999999999613,5936.0
1436,143.69999999999612,6633.0
1437,143.79999999999612,7038.0
1438,143.8999999999961,7206.0
1439,143.9999999999961,7185.0
1440,144.0999999999961,7185.0
1441,144.1999999999961,7154.0
1442,144.2999999999961,6152.0
1443,144.39999999999608,6054.0
1444,144.49999999999608,6001.0
1445,144.59999999999607,5838.0
1446,144.69999999999607,5584.0
1447,144.79999999999606,5950.0
1448,144.89999999999606,6654.0
1449,144.99999999999605,7043.0
1450,145.09999999999604,7181.0
1451,145.19999999999604,7138.0
1452,145.29999999999603,7063.0
1453,145.39999999999603,7029.0
1454,145.49999999999602,6163.0
1455,145.59999999999602,6063.0
1456,145.699999999996,6046.0
1457,145.799999999996,5953.0
1458,145.899999999996,5726.0
1459,145.999999999996,5633.0
1460,146.099999999996,6455.0
1461,146.19999999999598,6935.0
1462,146.29999999999598,7166.0
1463,146.39999999999597,7199.0
1464,146.49999999999596,7079.0
1465,146.59999999999596,7010.0
1466,146.69999999999595,6574.0
1467,146.79999999999595,6052.0
1468,146.89999999999594,6060.0
1469,146.99999999999594,5997.0
1470,147.09999999999593,5804.0
1471,147.19999999999592,5537.0
1472,147.29999999999592,6161.0
1473,147.3999999999959,6772.0
1474,147.4999999999959,7091.0
1475,147.5999999999959,7201.0
1476,147.6999999999959,7118.0
1477,147.7999999999959,6964.0
1478,147.89999999999588,6854.0
1479,147.99999999999588,6087.0
1480,148.09999999999587,6049.0
1481,148.19999999999587,6066.0
1482,148.29999999999586,5998.0
1483,148.39999999999586,5808.0
1484,148.49999999999585,5560.0
1485,148.59999999999584,6176.0
1486,148.69999999999584,6795.0
1487,148.79999999999583,7108.0
1488,148.89999999999583,7207.0
1489,148.99999999999582,7128.0
1490,149.09999999999582,6933.0
1491,149.1999999999958,6816.0
1492,149.2999999999958,6035.0
1493,149.3999999999958,6052.0
1494,149.4999999999958,6088.0
1495,149.5999999999958,6027.0
1496,149.69999999999578,5863.0
1497,149.79999999999578,5672.0
1498,149.89999999999577,6193.0
1499,149.99999999999577,6777.0
1500,150.09999999999576,7116.0
1501,150.19999999999575,7250.0
1502,150.29999999999575,7199.0
1503,150.39999999999574,7017.0
1504,150.49999999999574,6939.0
1505,150.59999999999573,6197.0
1506,150.69999999999573,6044.0
1507,150.79999999999572,6083.0
1508,150.8999999999957,6041.0
1509,150.9999999999957,5908.0
1510,151.0999999999957,5692.0
1511,151.1999999999957,5714.0
1512,151.2999999999957,6548.0
1513,151.39999999999569,6968.0
1514,151.49999999999568,7185.0
1515,151.59999999999567,7229.0
1516,151.69999999999567,7124.0
1517,151.79999999999566,7075.0
1518,151.89999999999566,6773.0
1519,151.99999999999565,6092.0
1520,152.09999999999565,6074.0
1521,152.19999999999564,6044.0
1522,152.29999999999563,5923.0
1523,152.39999999999563,5703.0
1524,152.49999999999562,5717.0
1525,152.59999999999562,6471.0
1526,152.6999999999956,6930.0
1527,152.7999999999956,7167.0
1528,152.8999999999956,7217.0
1529,152.9999999999956,7113.0
1530,153.0999999999956,7075.0
1531,153.19999999999558,6935.0
1532,153.29999999999558,6142.0
1533,153.39999999999557,6068.0
1534,153.49999999999557,6054.0
1535,153.59999999999556,5951.0
1536,153.69999999999555,5736.0
1537,153.79999999999555,5585.0
1538,153.89999999999554,6347.0
1539,153.99999999999554,6854.0
1540,154.09999999999553,7129.0
1541,154.19999999999553,7213.0
1542,154.29999999999552,7098.0
1543,154.39999999999552,7150.0
1544,154.4999999999955,6719.0
1545,154.5999999999955,6088.0
1546,154.6999999999955,6072.0
1547,154.7999999999955,6024.0
1548,154.8999999999955,5877.0
1549,154.99999999999548,5636.0
1550,155.09999999999548,5868.0
1551,155.19999999999547,6575.0
1552,155.29999999999546,6985.0
